status,target_type,target_name,target_url,contact_or_submission,proposed_topic,target_guide,notes
research,branding publication,BrandingX,https://www.brandingx.net/write-for-us/,biz@brandingx.net,"Why business-name availability is not trademark clearance",https://www.legaltrademarkoffice.com/guides/trademark-search-likelihood-of-confusion,"Public contributor instructions require disclosure and first-hand expertise"
research,branding and domain publication,NameStall,https://www.namestall.com/blog/submit-guest-post/,Submission page,"Domain availability vs. trademark availability: a founder checklist",https://www.legaltrademarkoffice.com/guides/trademark-application-checklist,"Review editorial terms before pitching"
prospecting,small-business resource,Local chambers and entrepreneurship centers,,Research local resource editors,"U.S. trademark application checklist for new businesses",https://www.legaltrademarkoffice.com/guides/trademark-application-checklist,"Personalize for each organization; no mass email"
prospecting,e-commerce publication,E-commerce agencies and seller newsletters,,Research editorial contacts,"Trademark preparation for marketplace and DTC brands",https://www.legaltrademarkoffice.com/guides/trademark-registration-process,"Offer original contribution rather than a link-only request"
prospecting,branding agency,Branding and naming agencies,,Research agency resource pages,"What makes a name function as a trademark?",https://www.legaltrademarkoffice.com/guides/what-is-a-trademark,"Offer a client-facing checklist with clear attribution"
prospecting,founder education,Startup incubators and founder newsletters,,Research resource editors,"How to register a trademark in the U.S.: founder roadmap",https://www.legaltrademarkoffice.com/guides/trademark-registration-process,"Pitch the educational process guide"
prospecting,small-business finance,Accounting and small-business budgeting publications,,Research editorial contacts,"How to budget government and service fees for a trademark application",https://www.legaltrademarkoffice.com/guides/trademark-cost,"Use current fee table as the linkable reference"
prospecting,brand strategy,Brand naming agencies and marketing educators,,Research resource editors,"What is a trademark and how is it different from a business name?",https://www.legaltrademarkoffice.com/guides/what-is-a-trademark,"Plain-language definition asset"
prospecting,brand clearance,Naming consultants and domain publications,,Research editorial contacts,"Why exact-name searches miss potential trademark conflicts",https://www.legaltrademarkoffice.com/guides/trademark-search-likelihood-of-confusion,"Link to the search methodology guide"
prospecting,business education,Small-business course and resource publishers,,Research curriculum editors,"A practical introduction to trademark classes",https://www.legaltrademarkoffice.com/guides/trademark-classes,"Offer the classification explainer as a supplemental resource"
prospecting,startup launch,Startup launch publications and incubators,,Research editorial contacts,"Use in commerce vs. intent to use for pre-launch brands",https://www.legaltrademarkoffice.com/guides/use-in-commerce-vs-intent-to-use,"Pitch for pre-launch founder audiences"
prospecting,e-commerce,E-commerce agencies and marketplace seller publications,,Research editorial contacts,"Trademark specimen examples for online sellers",https://www.legaltrademarkoffice.com/guides/trademark-specimens,"Useful for product and service sellers"
prospecting,business checklist,Chambers and entrepreneurship centers,,Research resource coordinators,"Pre-filing trademark application checklist",https://www.legaltrademarkoffice.com/guides/trademark-application-checklist,"Offer as a practical founder resource"
prospecting,operations,Startup operations and compliance publications,,Research editorial contacts,"What happens after a trademark application is filed?",https://www.legaltrademarkoffice.com/guides/trademark-timeline-status,"Timeline asset for founders"
prospecting,legal education,Small-business legal education publishers,,Research editorial contacts,"Understanding a USPTO trademark office action",https://www.legaltrademarkoffice.com/guides/trademark-office-actions,"Educational reference; avoid giving individualized legal advice"
prospecting,business maintenance,Business compliance and records-management publications,,Research editorial contacts,"Trademark maintenance deadlines businesses should calendar",https://www.legaltrademarkoffice.com/guides/trademark-renewal-deadlines,"Calendar/checklist link angle"
prospecting,design education,Logo designers and branding studios,,Research resource editors,"Word mark vs. logo trademark for brand-design clients",https://www.legaltrademarkoffice.com/guides/word-mark-vs-logo-trademark,"Visual-branding audience fit"
prospecting,creator education,Creator and small-business IP publications,,Research editorial contacts,"Trademark vs. copyright vs. patent in plain English",https://www.legaltrademarkoffice.com/guides/trademark-vs-copyright-vs-patent,"Comparison-table link asset"
prospecting,local business,Local business associations and chambers,,Research resource coordinators,"Common-law trademark rights vs. federal registration",https://www.legaltrademarkoffice.com/guides/common-law-vs-federal-trademark,"Relevant to local-to-national growth"
prospecting,naming strategy,Brand strategists and naming publications,,Research editorial contacts,"How distinctive marks differ from descriptive names",https://www.legaltrademarkoffice.com/guides/strong-trademarks-distinctiveness,"Naming-framework resource"
prospecting,business formation,LLC formation and startup governance publishers,,Research editorial contacts,"Who should own a trademark application?",https://www.legaltrademarkoffice.com/guides/trademark-owner-applicant,"Entity ownership checklist angle"
prospecting,brand protection,Brand-protection associations and business educators,,Research resource editors,"What the 30-day trademark opposition period means",https://www.legaltrademarkoffice.com/guides/trademark-publication-opposition,"Process explainer resource"
prospecting,product launch,Product-launch and startup operations publications,,Research editorial contacts,"Statement of Use deadlines for intent-to-use applicants",https://www.legaltrademarkoffice.com/guides/intent-to-use-statement-of-use,"Post-launch compliance angle"
prospecting,consumer protection,Scam-awareness and small-business security publications,,Research resource editors,"How to verify trademark notices and payment demands",https://www.legaltrademarkoffice.com/guides/trademark-scams-misleading-notices,"Public-interest verification checklist"
prospecting,business tools,Small-business operations and status-tracking resources,,Research editorial contacts,"How to check a trademark status in TSDR",https://www.legaltrademarkoffice.com/guides/trademark-status-tsdr,"Practical official-record walkthrough"
prospecting,business writing,Industry associations and e-commerce educators,,Research editorial contacts,"How to describe goods and services in a trademark application",https://www.legaltrademarkoffice.com/guides/trademark-goods-services-identification,"Industry-specific identification examples"
